,Course
0,AAS 10
1,AAS 11
2,AESE 279A
3,AESE 278C
4,AESE 241
5,AESE 278B
6,AIP 197P
7,AIP 197
8,AIP 197DC
9,ANAR 135
10,ANAR 121
11,ANAR 117
12,ANAR 100
13,ANAR 156
14,ANAR 167
15,ANBI 100
16,ANBI 134
17,ANBI 112
18,ANBI 136
19,ANBI 159
20,ANBI 120
21,ANBI 116
22,ANBI 143
23,ANES 299
24,ANES 402
25,ANES 403
26,ANES 401
27,ANES 296
28,ANES 410
29,ANES 496
30,ANSC 135
31,ANSC 164
32,ANSC 173
33,ANSC 139
34,ANSC 148
35,ANSC 184
36,ANSC 188
37,ANSC 100
38,ANSC 150
39,ANSC 125
40,ANSC 122
41,ANTH 246
42,ANTH 260
43,ANTH 23
44,ANTH 273
45,ANTH 281B
46,ANTH 202
47,ANTH 269
48,ANTH 200
49,ANTH 5
50,ANTH 500
51,ANTH 296
52,ANTH 196B
53,ANTH 280C
54,ANTH 45
55,ANTH 110
56,ANTH 280B
57,ANTH 298
58,ANTH 230
59,ANTH 106
60,ANTH 128A
61,ANTH 299
62,ANTH 279
63,ANTH 295
64,ANTH 107
65,ANTH 21
66,ANTH 87
67,ANTH 102
68,ANTH 111
69,AUD 291
70,AUD 284
71,AUD 236
72,AUD 276
73,AUD 263
74,AUD 278
75,AUD 296
76,AUD 298
77,AUD 299
78,AWP 3
79,AWP 10R
80,AWP 4A
81,BENG 119B
82,BENG 187C
83,BENG 148B
84,BENG 179B
85,BENG 278
86,BENG 202
87,BENG 130
88,BENG 123
89,BENG 294B
90,BENG 191
91,BENG 230B
92,BENG 139B
93,BENG 120
94,BENG 168
95,BENG 147B
96,BENG 103B
97,BENG 212
98,BENG 99H
99,BENG 281
100,BENG 126B
101,BENG 112A
102,BENG 140A
103,BENG 238
104,BENG 127B
105,BENG 161B
106,BENG 169B
107,BENG 128B
108,BENG 226
109,BENG 247B
110,BENG 149B
111,BENG 186B
112,BENG 225
113,BENG 152
114,BENG 196
115,BENG 501
116,BENG 129B
117,BENG 223
118,BENG 207
119,BENG 241B
120,BENG 292
121,BENG 299
122,BENG 291
123,BENG 1
124,BENG 181
125,BENG 298L
126,BENG 199
127,BGGN 237
128,BGGN 209
129,BGGN 246A
130,BGGN 293
131,BGGN 298
132,BGGN 228
133,BGGN 280
134,BGGN 299
135,BGGN 270
136,BGGN 207
137,BGGN 254
138,BGGN 285
139,BGGN 284
140,BGGN 206B
141,BGGN 290
142,BGGN 225
143,BGGN 271
144,BGGN 500
145,BGGN 211
146,BGGN 241
147,BGGN 253
148,BGGN 213
149,BGGN 249B
150,BGGN 283
151,BGGN 282
152,BGGN 227
153,BGJC 215
154,BGJC 204
155,BGRD 200
156,BGSE 205
157,BGSE 200
158,BIBC 194
159,BIBC 103
160,BIBC 100
161,BIBC 102
162,BICD 110
163,BICD 145
164,BICD 136
165,BICD 100
166,BIEB 152
167,BIEB 150
168,BIEB 140
169,BIEB 134
170,BIEB 128
171,BIEB 121
172,BIEB 166
173,BIEB 123
174,BIEB 194
175,BILD 87
176,BILD 26
177,BILD 2
178,BILD 62
179,BILD 4
180,BILD 12
181,BILD 22
182,BILD 99H
183,BILD 61
184,BILD 60
185,BILD 81
186,BILD 99
187,BILD 1
188,BILD 3
189,BILD 5
190,BIMM 114
191,BIMM 134
192,BIMM 121
193,BIMM 172
194,BIMM 101
195,BIMM 110
196,BIMM 100
197,BIMM 143
198,BIMM 181
199,BIMM 194
200,BIMM 120
201,BIOM 253
202,BIOM 218
203,BIOM 202
204,BIOM 255
205,BIOM 275
206,BIOM 277
207,BIOM 246
208,BIOM 200C
209,BIOM 295
210,BIOM 299
211,BIOM 288
212,BIOM 262
213,BIOM 203B
214,BIOM 242
215,BIOM 298
216,BIOM 256
217,BIPN 100
218,BIPN 134
219,BIPN 145
220,BIPN 154
221,BIPN 102
222,BIPN 105
223,BIPN 160
224,BIPN 108
225,BIPN 194
226,BIPN 140
227,BISP 182
228,BISP 193
229,BISP 194
230,BISP 197
231,BISP 195
232,BISP 199
233,BNFO 298
234,BNFO 294
235,BNFO 281
236,BNFO 299
237,BNFO 262
238,BNFO 500
239,BNFO 283
240,CAT 500
241,CAT 125R
242,CAT 2CE
243,CAT 124
244,CAT 2
245,CAT 125
246,CCE 1
247,CCS 102
248,CCS 123
249,CENG 299
250,CENG 102
251,CENG 213
252,CENG 101B
253,CENG 134
254,CENG 221B
255,CENG 215
256,CENG 252
257,CENG 101A
258,CENG 15
259,CENG 124A
260,CENG 205
261,CENG 114
262,CENG 199
263,CENG 251
264,CENG 256
265,CENG 176A
266,CGS 199
267,CGS 119
268,CGS 105
269,CGS 2B
270,CGS 101
271,CGS 108
272,CGS 125
273,CGS 196A
274,CGS 123
275,CGS 111
276,CGS 113
277,CGS 500
278,CGS 299
279,CHEM 291
280,CHEM 264
281,CHEM 172
282,CHEM 254
283,CHEM 168
284,CHEM 229
285,CHEM 7L
286,CHEM 120A
287,CHEM 6A
288,CHEM 40B
289,CHEM 212
290,CHEM 126B
291,CHEM 143B
292,CHEM 227
293,CHEM 294
294,CHEM 6B
295,CHEM 199
296,CHEM 6C
297,CHEM 40A
298,CHEM 41A
299,CHEM 158
300,CHEM 1
301,CHEM 155
302,CHEM 255
303,CHEM 258
304,CHEM 219C
305,CHEM 100B
306,CHEM 41B
307,CHEM 134
308,CHEM 223
309,CHEM 100A
310,CHEM 299
311,CHEM 131
312,CHEM 105A
313,CHEM 164
314,CHEM 11
315,CHEM 114C
316,CHEM 200B
317,CHEM 261
318,CHEM 6BH
319,CHEM 114B
320,CHEM 187
321,CHEM 262
322,CHEM 280
323,CHEM 115
324,CHEM 231
325,CHEM 232A
326,CHEM 215
327,CHEM 108
328,CHEM 151
329,CHEM 114A
330,CHEM 213B
331,CHEM 298
332,CHEM 109
333,CHEM 194
334,CHEM 43A
335,CHEM 154
336,CHIN 100BN
337,CHIN 182A
338,CHIN 169A
339,CHIN 100BM
340,CHIN 500
341,CHIN 10BN
342,CHIN 20BD
343,CHIN 10BM
344,CHIN 10BD
345,CHIN 20BN
346,CLAS 196B
347,CLAS 87
348,CLAS 109
349,CLAS 196A
350,CLIN 227B
351,CLIN 228
352,CLIN 296
353,CLIN 294B
354,CLIN 227A
355,CLRE 259
356,CLRE 263
357,CLRE 236R
358,CLRE 237
359,CLRE 297
360,CLRE 253
361,CLRE 250R
362,CLRE 260
363,CLRE 234
364,CLRE 295B
365,CMM 246
366,COGR 201D
367,COGR 280
368,COGR 294
369,COGR 500
370,COGR 225C
371,COGR 298
372,COGR 275
373,COGR 299
374,COGR 200C
375,COGR 225D
376,COGS 181
377,COGS 118C
378,COGS 500
379,COGS 211B
380,COGS 9
381,COGS 194
382,COGS 123
383,COGS 200
384,COGS 99H
385,COGS 199
386,COGS 193
387,COGS 118B
388,COGS 195
389,COGS 111
390,COGS 101A
391,COGS 197
392,COGS 101B
393,COGS 187B
394,COGS 190B
395,COGS 108
396,COGS 2
397,COGS 229
398,COGS 260
399,COGS 18
400,COGS 160
401,COGS 290
402,COGS 17
403,COGS 210B
404,COGS 156
405,COGS 10
406,COGS 198
407,COGS 165
408,COGS 172
409,COGS 298
410,COGS 13
411,COGS 14A
412,COGS 163
413,COGS 205
414,COGS 87
415,COGS 177
416,COGS 1
417,COGS 8
418,COGS 100
419,COGS 14B
420,COGS 107B
421,COGS 150
422,COGS 153
423,COGS 299
424,COGS 11
425,COGS 164
426,COMM 111B
427,COMM 106F
428,COMM 127
429,COMM 140
430,COMM 101N
431,COMM 109N
432,COMM 100B
433,COMM 115
434,COMM 80
435,COMM 180
436,COMM 114T
437,COMM 10
438,COMM 124A
439,COMM 101A
440,COMM 101D
441,COMM 194
442,COMM 196B
443,COMM 111G
444,COMM 101K
445,COMM 20
446,COMM 171
447,COMM 190
448,COMM 109D
449,COMM 158
450,COMM 101
451,COMM 160
452,COMM 113T
453,COMM 102C
454,COMM 139
455,COMM 102B
456,COMM 131
457,COMM 108D
458,CSE 169
459,CSE 210
460,CSE 191
461,CSE 90
462,CSE 151B
463,CSE 202
464,CSE 8B
465,CSE 219
466,CSE 30
467,CSE 197
468,CSE 95
469,CSE 257
470,CSE 251U
471,CSE 123
472,CSE 15L
473,CSE 284
474,CSE 11
475,CSE 599
476,CSE 99H
477,CSE 190
478,CSE 232B
479,CSE 282
480,CSE 290
481,CSE 87
482,CSE 142
483,CSE 152A
484,CSE 198
485,CSE 105
486,CSE 199
487,CSE 299
488,CSE 207A
489,CSE 12
490,CSE 100R
491,CSE 160
492,CSE 140L
493,CSE 272
494,CSE 273
495,CSE 120
496,CSE 203B
497,CSE 127
498,CSE 21
499,CSE 107
500,CSE 148
501,CSE 251A
502,CSE 91
503,CSE 252B
504,CSE 270
505,CSE 151A
506,CSE 229A
507,CSE 291
508,CSE 240A
509,CSE 6R
510,CSE 101
511,CSE 229C
512,CSE 239B
513,CSE 280A
514,CSE 132A
515,CSE 142L
516,CSE 167
517,CSE 110
518,CSE 206A
519,CSE 251B
520,CSE 500
521,CSE 221
522,CSE 130
523,CSE 140
524,CSE 234
525,CSE 294
526,CSE 293
527,CSE 240B
528,CSE 181
529,CSE 132C
530,CSE 298
531,CSE 8A
532,CSE 20
533,CSS 205
534,CSS 296
535,CSS 2
536,CSS 209
537,CSS 1
538,DDPM 213
539,DDPM 208
540,DDPM 204
541,DERM 436
542,DERM 428
543,DERM 296
544,DERM 299
545,DOC 2
546,DOC 500
547,DSC 10
548,DSC 197
549,DSC 40B
550,DSC 30
551,DSC 155
552,DSC 293
553,DSC 291
554,DSC 215
555,DSC 148
556,DSC 241
557,DSC 80
558,DSC 140A
559,DSC 190
560,DSC 294
561,DSC 102
562,DSC 240
563,DSC 140B
564,DSC 100
565,DSC 208R
566,DSC 170
567,DSC 211
568,DSC 261
569,DSC 40A
570,DSC 99
571,DSC 106
572,DSC 500
573,DSC 288R
574,DSC 96
575,DSC 212
576,DSC 299
577,DSC 180B
578,DSC 20
579,DSC 204A
580,DSC 206
581,DSC 266R
582,DSC 260
583,DSC 255R
584,DSC 161
585,DSE 260A
586,DSE 210
587,DSE 201
588,DSE 241
589,DSGN 160
590,DSGN 195
591,DSGN 2
592,DSGN 118
593,DSGN 100
594,DSGN 119
595,DSGN 1
596,ECE 264D
597,ECE 226
598,ECE 65
599,ECE 264A
600,ECE 271B
601,ECE 175A
602,ECE 299
603,ECE 25
604,ECE 198
605,ECE 200
606,ECE 260B
607,ECE 257B
608,ECE 107
609,ECE 191
610,ECE 197
611,ECE 121B
612,ECE 111
613,ECE 265D
614,ECE 250
615,ECE 109
616,ECE 103
617,ECE 15
618,ECE 276A
619,ECE 199
620,ECE 159
621,ECE 172A
622,ECE 269
623,ECE 16
624,ECE 150
625,ECE 161B
626,ECE 222B
627,ECE 102
628,ECE 212BN
629,ECE 251A
630,ECE 125A
631,ECE 5
632,ECE 184
633,ECE 265A
634,ECE 285
635,ECE 240A
636,ECE 143
637,ECE 298
638,ECE 128B
639,ECE 230B
640,ECE 247B
641,ECE 140A
642,ECE 141A
643,ECE 501
644,ECE 241B
645,ECE 135B
646,ECE 258A
647,ECE 202
648,ECE 284
649,ECE 290
650,ECE 181
651,ECE 176
652,ECE 238B
653,ECE 101
654,ECE 277
655,ECE 45
656,ECE 35
657,ECON 245
658,ECON 120B
659,ECON 110BH
660,ECON 246
661,ECON 195
662,ECON 100B
663,ECON 220E
664,ECON 299
665,ECON 178
666,ECON 100C
667,ECON 110A
668,ECON 220B
669,ECON 3
670,ECON 100A
671,ECON 120C
672,ECON 151
673,ECON 190
674,ECON 250B
675,ECON 237
676,ECON 116
677,ECON 4
678,ECON 200B
679,ECON 113
680,ECON 264
681,ECON 233
682,ECON 281
683,ECON 109
684,ECON 140
685,ECON 120BH
686,ECON 110B
687,ECON 171
688,ECON 210B
689,ECON 136
690,ECON 145
691,ECON 120A
692,ECON 1
693,ECON 284
694,ECON 5
695,ECON 138
696,ECON 149
697,ECON 183
698,ECON 2
699,EDS 369B
700,EDS 130
701,EDS 369A
702,EDS 205A
703,EDS 115
704,EDS 124AR
705,EDS 128A
706,EDS 124BR
707,EDS 287C
708,EDS 114
709,EDS 259B
710,EDS 190
711,EDS 379B
712,EDS 180
713,EDS 370A
714,EDS 117
715,EDS 294A
716,EDS 355B
717,EDS 299
718,EDS 126
719,EDS 280
720,EDS 252
721,EDS 381
722,EDS 287A
723,EDS 254
724,EDS 23
725,EDS 195
726,EDS 129B
727,EDS 290
728,EDS 87
729,EDS 111
730,EDS 122
731,EDS 103
732,EDS 39
733,EDS 259A
734,EDS 296
735,EDS 289A
736,EDS 324BR
737,EDS 370B
738,EDS 291A
739,EDS 352B
740,EDS 131
741,EDS 118
742,EDS 119
743,EDS 139
744,EDS 265
745,EDS 380B
746,EDS 293A
747,EDS 297
748,EDS 288B
749,EDS 140
750,EDS 361B
751,EDS 133
752,EDS 125
753,EMED 425
754,EMED 427
755,EMED 299
756,EMED 473
757,EMED 296
758,EMED 411
759,EMED 420
760,EMED 496
761,EMED 423
762,ENG 100D
763,ENG 10
764,ENG 100DR
765,ENG 15
766,ENG 100L
767,ENVR 152
768,ENVR 120
769,ENVR 141
770,ENVR 110
771,ERC 89
772,ERC 2
773,ERC 20
774,ESYS 187B
775,ESYS 102
776,ETHN 164
777,ETHN 299
778,ETHN 163E
779,ETHN 154
780,ETHN 2R
781,ETHN 114A
782,ETHN 200B
783,ETHN 198
784,ETHN 500
785,ETHN 101
786,ETHN 116
787,ETHN 298
788,ETHN 103
789,ETHN 170
790,ETHN 179
791,ETHN 100B
792,ETHN 230
793,ETHN 138
794,ETHN 214A
795,ETHN 100H
796,ETHN 104
797,ETHN 123
798,ETHN 201
799,ETHN 112A
800,ETIM 289
801,EXPR 205
802,EXPR 201
803,EXPR 100
804,EXPR 105
805,FILM 87
806,FMPH 194
807,FMPH 404
808,FMPH 40
809,FMPH 50
810,FMPH 299
811,FMPH 460
812,FMPH 241
813,FMPH 496B
814,FMPH 405
815,FMPH 499
816,FMPH 222
817,FMPH 130
818,FMPH 491
819,FMPH 102
820,FMPH 243B
821,FMPH 412
822,FMPH 226
823,FMPH 110
824,FMPH 291
825,FMPH 244B
826,FMPH 495
827,FMPH 498
828,FMPH 161
829,FMPH 290
830,FMPH 277
831,FMPH 193
832,FMPH 425
833,FMPH 95
834,FMPH 419
835,FMPH 440
836,FMPH 411
837,FMPH 101
838,FMPH 428
839,FMPH 120
840,FMPH 199
841,FMPH 191
842,FMPH 415
843,FPM 428
844,FPM 431
845,FPM 410
846,FPM 297
847,FPM 411
848,FPM 412
849,FPM 432
850,FPM 441
851,FPM 280B
852,FPM 426
853,FPM 259B
854,FPM 496
855,FPM 413
856,FPM 299
857,FPM 442
858,FPM 419
859,FPM 258B
860,FPM 296
861,GLBH 108
862,GLBH 299
863,GLBH 111
864,GLBH 150A
865,GLBH 160
866,GLBH 150
867,GLBH 148
868,GLBH 104
869,GLBH 201
870,GLBH 113
871,GLBH 214
872,GLBH 139
873,GLBH 181
874,GLBH 249
875,GLBH 20
876,GLBH 102
877,GPCO 404
878,GPCO 400
879,GPCO 468
880,GPCO 470
881,GPCO 415
882,GPCO 462
883,GPCO 454
884,GPEC 485
885,GPEC 416
886,GPEC 444
887,GPEC 431
888,GPEC 462
889,GPEC 486
890,GPEC 451
891,GPGN 499
892,GPGN 490
893,GPGN 497
894,GPIM 470
895,GPIM 452
896,GPLA 441B
897,GPLA 411B
898,GPPA 430
899,GPPA 470
900,GPPA 460
901,GPPA 463
902,GPPS 443
903,GPPS 454
904,GPPS 401
905,GPPS 428
906,GPPS 438
907,GPPS 409
908,GPPS 469
909,GPPS 407
910,GPPS 441
911,GPPS 423
912,GSS 22
913,GSS 27
914,HDS 181
915,HDS 60
916,HDS 191
917,HDS 150
918,HDS 95
919,HDS 133
920,HDS 110
921,HIAF 112
922,HIAF 111
923,HIEA 115
924,HIEA 124
925,HIEA 138
926,HIEU 109
927,HIEU 116C
928,HIEU 102
929,HIEU 108
930,HIGR 215B
931,HIGR 281
932,HIGR 241
933,HIGR 208
934,HIGR 275B
935,HIGR 500
936,HIGR 211
937,HIGR 299
938,HIGR 298
939,HIGR 240
940,HILA 118
941,HILA 102
942,HILA 144
943,HILD 2B
944,HILD 11
945,HILD 42
946,HILD 7B
947,HILD 60
948,HILD 14
949,HINE 129
950,HINE 109
951,HINE 116
952,HISC 106
953,HISC 180
954,HITO 100
955,HITO 119
956,HITO 141
957,HITO 133
958,HITO 195
959,HITO 193
960,HITO 178
961,HITO 87
962,HIUS 133
963,HIUS 108A
964,HIUS 123
965,HIUS 152B
966,HIUS 113
967,HIUS 102
968,HIUS 149
969,HMNR 100
970,HUM 1
971,HUM 2
972,HUM 4
973,INTL 101
974,INTL 190
975,INTL 102
976,JAPN 196A
977,JAPN 20B
978,JAPN 135B
979,JAPN 500
980,JAPN 140B
981,JAPN 150B
982,JAPN 10BR
983,JAPN 10B
984,JAPN 190
985,JAPN 130B
986,JWSP 104
987,JWSP 2
988,JWSP 500
989,LATI 298
990,LATI 50
991,LATI 170
992,LATI 140
993,LATI 10
994,LATI 299
995,LAWS 101
996,LIAB 1B
997,LIAB 1EX
998,LIAB 1E
999,LIAB 1BX
1000,LIDS 19
1001,LIFR 11
1002,LIFR 1BX
1003,LIFR 1C
1004,LIFR 1CX
1005,LIFR 1B
1006,LIGM 1B
1007,LIGM 11
1008,LIGM 1BX
1009,LIGN 181
1010,LIGN 176
1011,LIGN 502
1012,LIGN 199H
1013,LIGN 508
1014,LIGN 284
1015,LIGN 152
1016,LIGN 507
1017,LIGN 178
1018,LIGN 299
1019,LIGN 8
1020,LIGN 506
1021,LIGN 503
1022,LIGN 200
1023,LIGN 119
1024,LIGN 199
1025,LIGN 296
1026,LIGN 17
1027,LIGN 42
1028,LIGN 121
1029,LIGN 504
1030,LIGN 211
1031,LIGN 251
1032,LIGN 220
1033,LIGN 112
1034,LIGN 505
1035,LIGN 195
1036,LIGN 101
1037,LIGN 509
1038,LIGN 111
1039,LIHL 124W
1040,LIHL 134W
1041,LIHL 112W
1042,LIHL 138
1043,LIHL 114W
1044,LIHL 117W
1045,LIHL 132W
1046,LIHL 118
1047,LIIT 1B
1048,LIIT 1BX
1049,LIPO 16
1050,LIPO 1B
1051,LIPO 1BX
1052,LISL 1BX
1053,LISL 1C
1054,LISL 1E
1055,LISL 1B
1056,LISL 1CX
1057,LISP 16
1058,LISP 1B
1059,LISP 1CX
1060,LISP 18
1061,LISP 1C
1062,LISP 1BX
1063,LTAF 110
1064,LTAM 110
1065,LTCO 297
1066,LTCO 298
1067,LTCO 281
1068,LTCO 299
1069,LTCS 87
1070,LTCS 298
1071,LTCS 172
1072,LTCS 165
1073,LTCS 225
1074,LTCS 180
1075,LTCS 119
1076,LTCS 299
1077,LTCS 108
1078,LTEA 143
1079,LTEA 138
1080,LTEA 152B
1081,LTEA 140
1082,LTEN 31
1083,LTEN 107
1084,LTEN 281
1085,LTEN 297
1086,LTEN 26
1087,LTEN 22
1088,LTEN 252
1089,LTEN 298
1090,LTEN 128
1091,LTEN 299
1092,LTEN 148
1093,LTEU 100
1094,LTFR 2C
1095,LTFR 2B
1096,LTFR 141
1097,LTGK 2
1098,LTGM 2B
1099,LTIT 2B
1100,LTKO 1B
1101,LTKO 2B
1102,LTKO 130W
1103,LTLA 102
1104,LTLA 2
1105,LTRU 104C
1106,LTRU 199
1107,LTRU 1B
1108,LTRU 2B
1109,LTSP 2B
1110,LTSP 2E
1111,LTSP 2C
1112,LTSP 145
1113,LTSP 2D
1114,LTSP 100B
1115,LTSP 2A
1116,LTSP 299
1117,LTSP 87
1118,LTSP 298
1119,LTSP 100A
1120,LTSP 272
1121,LTTH 210B
1122,LTWL 181
1123,LTWL 19B
1124,LTWL 100
1125,LTWL 500
1126,LTWL 180
1127,LTWR 120
1128,LTWR 124
1129,LTWR 126
1130,LTWR 103
1131,LTWR 102
1132,LTWR 144
1133,LTWR 295
1134,LTWR 148
1135,LTWR 100
1136,LTWR 215
1137,LTWR 8B
1138,LTWR 8C
1139,LTWR 115
1140,MAE 294B
1141,MAE 99H
1142,MAE 204
1143,MAE 11
1144,MAE 271B
1145,MAE 281A
1146,MAE 40
1147,MAE 143A
1148,MAE 20
1149,MAE 276
1150,MAE 142
1151,MAE 205
1152,MAE 130
1153,MAE 206
1154,MAE 8
1155,MAE 190
1156,MAE 175A
1157,MAE 156B
1158,MAE 101A
1159,MAE 30A
1160,MAE 207
1161,MAE 217B
1162,MAE 218A
1163,MAE 248
1164,MAE 30B
1165,MAE 118
1166,MAE 261
1167,MAE 200
1168,MAE 110
1169,MAE 262
1170,MAE 270
1171,MAE 156A
1172,MAE 101B
1173,MAE 221B
1174,MAE 182
1175,MAE 160
1176,MAE 131B
1177,MAE 231C
1178,MAE 198
1179,MAE 299
1180,MAE 210B
1181,MAE 269
1182,MAE 223
1183,MAE 296
1184,MAE 199
1185,MAE 155A
1186,MAE 212
1187,MAE 215
1188,MAE 290B
1189,MAE 191
1190,MAE 232B
1191,MAE 185
1192,MAE 171A
1193,MAE 143B
1194,MATH 171A
1195,MATH 500
1196,MATH 299
1197,MATH 220B
1198,MATH 175
1199,MATH 173B
1200,MATH 199
1201,MATH 142A
1202,MATH 187A
1203,MATH 20E
1204,MATH 140A
1205,MATH 10A
1206,MATH 106
1207,MATH 104B
1208,MATH 296
1209,MATH 3C
1210,MATH 278C
1211,MATH 18
1212,MATH 31BH
1213,MATH 218
1214,MATH 181A
1215,MATH 211B
1216,MATH 202B
1217,MATH 20D
1218,MATH 212A
1219,MATH 2
1220,MATH 248
1221,MATH 206A
1222,MATH 103A
1223,MATH 170A
1224,MATH 10B
1225,MATH 211A
1226,MATH 209
1227,MATH 281B
1228,MATH 288
1229,MATH 170B
1230,MATH 121A
1231,MATH 184
1232,MATH 100B
1233,MATH 148
1234,MATH 186
1235,MATH 216B
1236,MATH 243
1237,MATH 280B
1238,MATH 87
1239,MATH 270B
1240,MATH 20C
1241,MATH 237A
1242,MATH 194
1243,MATH 257A
1244,MATH 287A
1245,MATH 103B
1246,MATH 180A
1247,MATH 275
1248,MATH 199H
1249,MATH 295
1250,MATH 217
1251,MATH 4C
1252,MATH 251B
1253,MATH 292
1254,MATH 154
1255,MATH 11
1256,MATH 109
1257,MATH 180B
1258,MATH 142B
1259,MATH 282B
1260,MATH 204B
1261,MATH 241A
1262,MATH 20A
1263,MATH 183
1264,MATH 290B
1265,MATH 20B
1266,MATH 120A
1267,MATH 112A
1268,MATH 297
1269,MATH 95
1270,MATH 200B
1271,MATH 278B
1272,MATH 262A
1273,MATH 273A
1274,MATH 102
1275,MATH 189
1276,MATH 278A
1277,MATH 196
1278,MATH 285
1279,MATH 240B
1280,MATH 221A
1281,MATH 203B
1282,MATH 208
1283,MATH 269
1284,MATH 158
1285,MATH 10C
1286,MATH 258
1287,MATH 140B
1288,MATH 182
1289,MATH 261B
1290,MATH 111A
1291,MATH 150A
1292,MATS 295
1293,MATS 255
1294,MATS 201B
1295,MATS 200
1296,MATS 299
1297,MATS 231
1298,MATS 261A
1299,MATS 296
1300,MBC 259
1301,MCWP 125R
1302,MCWP 125
1303,MCWP 50
1304,MCWP 500
1305,MCWP 40
1306,MED 444
1307,MED 429
1308,MED 463
1309,MED 410
1310,MED 246
1311,MED 454
1312,MED 455
1313,MED 432
1314,MED 434
1315,MED 438
1316,MED 263
1317,MED 433
1318,MED 435
1319,MED 199
1320,MED 401
1321,MED 430
1322,MED 496
1323,MED 296
1324,MED 453
1325,MED 467
1326,MED 452
1327,MED 278
1328,MED 238
1329,MED 426
1330,MED 468
1331,MED 457
1332,MED 262
1333,MED 431
1334,MED 299
1335,MGT 164
1336,MGT 451
1337,MGT 131A
1338,MGT 52
1339,MGT 136
1340,MGT 12
1341,MGT 296
1342,MGT 497
1343,MGT 433
1344,MGT 184
1345,MGT 420
1346,MGT 71R
1347,MGT 452
1348,MGT 481
1349,MGT 112
1350,MGT 175
1351,MGT 176
1352,MGT 413
1353,MGT 131B
1354,MGT 477
1355,MGT 107
1356,MGT 4
1357,MGT 153
1358,MGT 402
1359,MGT 404
1360,MGT 172
1361,MGT 441
1362,MGT 489
1363,MGT 496A
1364,MGT 410
1365,MGT 16
1366,MGT 180R
1367,MGT 45
1368,MGT 181
1369,MGT 299
1370,MGT 198
1371,MGT 248
1372,MGT 189
1373,MGT 499
1374,MGT 18
1375,MGT 71
1376,MGT 121A
1377,MGT 162R
1378,MGT 414A
1379,MGT 187
1380,MGT 5
1381,MGT 100
1382,MGT 173
1383,MGT 446
1384,MGT 455
1385,MGT 167
1386,MGT 3
1387,MGT 119
1388,MGT 151R
1389,MGT 166
1390,MGT 160
1391,MGT 430
1392,MGT 241
1393,MGT 177
1394,MGT 421
1395,MGT 470
1396,MGT 106
1397,MGT 127R
1398,MGT 409
1399,MGT 439
1400,MGT 449
1401,MGT 171R
1402,MGT 443
1403,MGT 135
1404,MGT 103
1405,MGT 162
1406,MGTA 458
1407,MGTA 466
1408,MGTA 415
1409,MGTA 444
1410,MGTA 402
1411,MGTA 455
1412,MGTF 421
1413,MGTF 495
1414,MGTF 413
1415,MGTF 423
1416,MGTF 403
1417,MGTF 416
1418,MGTF 420
1419,MGTF 410
1420,MGTF 422
1421,MGTF 417
1422,MGTP 434
1423,MGTP 433
1424,MGTP 443
1425,MGTP 416
1426,MMW 12
1427,MMW 501
1428,MMW 14
1429,MMW 122
1430,MSED 295
1431,MSED 296B
1432,MSED 299
1433,MUS 201C
1434,MUS 101B
1435,MUS 201B
1436,MUS 4
1437,MUS 201A
1438,MUS 137B
1439,MUS 95E
1440,MUS 120B
1441,MUS 95L
1442,MUS 107
1443,MUS 2B
1444,MUS 203D
1445,MUS 270C
1446,MUS 130
1447,MUS 33B
1448,MUS 500
1449,MUS 205
1450,MUS 271A
1451,MUS 132V
1452,MUS 215B
1453,MUS 174B
1454,MUS 1B
1455,MUS 206
1456,MUS 103E
1457,MUS 114
1458,MUS 143
1459,MUS 232
1460,MUS 132R
1461,MUS 9
1462,MUS 131
1463,MUS 202
1464,MUS 95C
1465,MUS 160A
1466,MUS 5R
1467,MUS 127
1468,MUS 203B
1469,MUS 13
1470,MUS 215D
1471,MUS 113
1472,MUS 234
1473,MUS 95G
1474,MUS 207
1475,MUS 298
1476,MUS 95JC
1477,MUS 95D
1478,MUS 15
1479,MUS 32
1480,MUS 132
1481,MUS 103B
1482,MUS 153
1483,MUS 7
1484,MUS 2BK
1485,MUS 32V
1486,MUS 43
1487,MUS 95W
1488,MUS 134
1489,MUS 299
1490,MUS 245
1491,MUS 17
1492,MUS 204
1493,MUS 19R
1494,MUS 32VM
1495,MUS 170
1496,MUS 12
1497,NANO 266
1498,NANO 114
1499,NANO 117
1500,NANO 200
1501,NANO 203
1502,NANO 15
1503,NANO 120A
1504,NANO 11
1505,NANO 205
1506,NANO 108
1507,NANO 206
1508,NANO 104
1509,NANO 199
1510,NANO 252
1511,NANO 299
1512,NANO 134
1513,NANO 247B
1514,NANO 107
1515,NEU 427
1516,NEU 200B
1517,NEU 496
1518,NEU 296
1519,NEU 426
1520,NEU 401
1521,NEU 276
1522,NEU 299
1523,NEUG 500
1524,NEUG 221
1525,NEUG 257
1526,NEUG 296
1527,NEUG 299
1528,NEUG 222
1529,OBG 401
1530,OBG 428
1531,OBG 429
1532,OBG 430
1533,OBG 496
1534,OBG 432
1535,OPTH 410
1536,OPTH 426
1537,OPTH 299
1538,OPTH 496
1539,OPTH 425
1540,OPTH 296
1541,ORTH 299
1542,ORTH 431
1543,ORTH 426
1544,ORTH 496
1545,ORTH 430
1546,ORTH 428
1547,ORTH 429
1548,ORTH 435
1549,ORTH 425
1550,ORTH 450
1551,ORTH 296
1552,PATH 299
1553,PATH 411
1554,PATH 401B
1555,PATH 412
1556,PATH 225
1557,PATH 221
1558,PATH 428
1559,PATH 427
1560,PATH 401C
1561,PATH 410
1562,PATH 401A
1563,PATH 224
1564,PATH 426
1565,PATH 401S
1566,PATH 296
1567,PEDS 438
1568,PEDS 434
1569,PEDS 424
1570,PEDS 296
1571,PEDS 433
1572,PEDS 431
1573,PEDS 401
1574,PEDS 437
1575,PEDS 496
1576,PEDS 435
1577,PEDS 426
1578,PEDS 428
1579,PEDS 429
1580,PEDS 430
1581,PEDS 427
1582,PEDS 299
1583,PEDS 432
1584,PH 196AH
1585,PHAR 255
1586,PHAR 295
1587,PHAR 275
1588,PHAR 299
1589,PHAR 222
1590,PHIL 108
1591,PHIL 162
1592,PHIL 287
1593,PHIL 10
1594,PHIL 111
1595,PHIL 160
1596,PHIL 132
1597,PHIL 14
1598,PHIL 136
1599,PHIL 170
1600,PHIL 149
1601,PHIL 145
1602,PHIL 32
1603,PHIL 177
1604,PHIL 163
1605,PHIL 260
1606,PHIL 27
1607,PHIL 202
1608,PHIL 500
1609,PHIL 28
1610,PHIL 295
1611,PHIL 290
1612,PHIL 199
1613,PHIL 101
1614,PHIL 122
1615,PHIL 35
1616,PHIL 209C
1617,PHIL 209D
1618,PHIL 166
1619,PHIL 299
1620,PHIL 50
1621,PHIL 201A
1622,PHIL 24
1623,PHIL 210
1624,PHYA 298
1625,PHYA 201
1626,PHYA 299
1627,PHYA 296
1628,PHYA 226
1629,PHYS 242
1630,PHYS 1B
1631,PHYS 139
1632,PHYS 111
1633,PHYS 250
1634,PHYS 4D
1635,PHYS 105A
1636,PHYS 298
1637,PHYS 299
1638,PHYS 253
1639,PHYS 261
1640,PHYS 2B
1641,PHYS 140B
1642,PHYS 215B
1643,PHYS 199H
1644,PHYS 1C
1645,PHYS 133
1646,PHYS 41
1647,PHYS 122
1648,PHYS 199
1649,PHYS 297
1650,PHYS 239
1651,PHYS 100B
1652,PHYS 178
1653,PHYS 176
1654,PHYS 1BL
1655,PHYS 210B
1656,PHYS 251
1657,PHYS 225B
1658,PHYS 164
1659,PHYS 254
1660,PHYS 252
1661,PHYS 130C
1662,PHYS 4A
1663,PHYS 258
1664,PHYS 260
1665,PHYS 1AL
1666,PHYS 2C
1667,PHYS 7
1668,PHYS 2D
1669,PHYS 110B
1670,PHYS 160
1671,PHYS 211B
1672,PHYS 212B
1673,PHYS 278
1674,PHYS 2A
1675,PHYS 1CL
1676,PHYS 2CL
1677,PHYS 130A
1678,PHYS 152A
1679,PHYS 276
1680,PHYS 203A
1681,PHYS 87
1682,PHYS 142
1683,PHYS 1A
1684,POLI 271
1685,POLI 126AB
1686,POLI 104B
1687,POLI 114BR
1688,POLI 120G
1689,POLI 194
1690,POLI 104J
1691,POLI 299
1692,POLI 176
1693,POLI 10D
1694,POLI 170A
1695,POLI 231E
1696,POLI 287
1697,POLI 175
1698,POLI 160AA
1699,POLI 197SD
1700,POLI 286
1701,POLI 224
1702,POLI 282
1703,POLI 11D
1704,POLI 285
1705,POLI 261
1706,POLI 283
1707,POLI 147B
1708,POLI 142A
1709,POLI 212
1710,POLI 203A
1711,POLI 240
1712,POLI 281
1713,POLI 137
1714,POLI 153
1715,POLI 135D
1716,POLI 256
1717,POLI 127
1718,POLI 5D
1719,POLI 298
1720,POLI 191B
1721,POLI 113BR
1722,POLI 223
1723,POLI 198RA
1724,POLI 100I
1725,POLI 280
1726,POLI 199
1727,PSY 296
1728,PSY 429
1729,PSY 431
1730,PSY 496
1731,PSY 426
1732,PSY 401
1733,PSY 427
1734,PSY 430
1735,PSY 435
1736,PSY 403
1737,PSY 199
1738,PSY 299
1739,PSYC 194B
1740,PSYC 196B
1741,PSYC 274
1742,PSYC 193L
1743,PSYC 217
1744,PSYC 275
1745,PSYC 60
1746,PSYC 111A
1747,PSYC 179
1748,PSYC 185
1749,PSYC 154
1750,PSYC 70
1751,PSYC 100
1752,PSYC 151
1753,PSYC 175
1754,PSYC 191
1755,PSYC 500
1756,PSYC 1
1757,PSYC 102
1758,PSYC 220
1759,PSYC 181
1760,PSYC 137
1761,PSYC 201B
1762,PSYC 141
1763,PSYC 224
1764,PSYC 272
1765,PSYC 199
1766,PSYC 242
1767,PSYC 122
1768,PSYC 144
1769,PSYC 71
1770,PSYC 101
1771,PSYC 105
1772,PSYC 110
1773,PSYC 116B
1774,PSYC 2
1775,PSYC 270B
1776,PSYC 106
1777,PSYC 193
1778,PSYC 237
1779,PSYC 280
1780,PSYC 296
1781,PSYC 299
1782,PSYC 3
1783,PSYC 108
1784,PSYC 153
1785,PSYC 172
1786,PSYC 99
1787,PSYC 125
1788,RAD 299
1789,RAD 401
1790,RAD 430
1791,RAD 496
1792,RAD 428
1793,RAD 435
1794,RAD 296
1795,RAD 427
1796,RAD 434
1797,RAD 278
1798,RAD 412
1799,RAD 411
1800,RELI 188
1801,RELI 2
1802,RELI 101
1803,REV 99H
1804,REV 20
1805,RMAS 299
1806,RMAS 429
1807,RMAS 296
1808,RMAS 410
1809,RMED 296
1810,RMED 299
1811,SE 143A
1812,SE 115
1813,SE 151A
1814,SE 251A
1815,SE 130A
1816,SE 260A
1817,SE 103
1818,SE 203A
1819,SE 501
1820,SE 207
1821,SE 140A
1822,SE 101A
1823,SE 201B
1824,SE 1
1825,SE 9
1826,SE 252
1827,SE 272
1828,SE 171
1829,SE 211
1830,SE 110A
1831,SE 290
1832,SE 101B
1833,SE 167
1834,SE 296
1835,SE 276B
1836,SE 154
1837,SE 199
1838,SE 110B
1839,SE 299
1840,SE 273
1841,SE 160A
1842,SE 182
1843,SE 232
1844,SE 267A
1845,SE 102
1846,SE 262
1847,SEV 20
1848,SIO 199
1849,SIO 126
1850,SIO 65
1851,SIO 167
1852,SIO 183
1853,SIO 25
1854,SIO 123
1855,SIO 184
1856,SIO 299
1857,SIO 139
1858,SIO 111
1859,SIO 115
1860,SIO 121
1861,SIO 146
1862,SIO 187
1863,SIO 102
1864,SIO 120
1865,SIO 194
1866,SIO 1
1867,SIO 45
1868,SIO 144
1869,SIO 3
1870,SIO 119
1871,SIO 161
1872,SIO 182
1873,SIO 87
1874,SIO 134
1875,SIO 176
1876,SIO 20R
1877,SIO 178
1878,SIO 162
1879,SIO 107
1880,SIO 172
1881,SIO 133
1882,SIOB 262
1883,SIOB 242B
1884,SIOB 278
1885,SIOB 276L
1886,SIOB 272
1887,SIOB 279
1888,SIOB 291
1889,SIOB 297
1890,SIOB 296
1891,SIOC 203B
1892,SIOC 237A
1893,SIOC 217D
1894,SIOC 296
1895,SIOC 221B
1896,SIOC 211A
1897,SIOC 216A
1898,SIOC 212A
1899,SIOC 207B
1900,SIOC 225
1901,SIOC 217B
1902,SIOC 202A
1903,SIOC 208
1904,SIOC 200B
1905,SIOG 239
1906,SIOG 260
1907,SIOG 269
1908,SIOG 227A
1909,SIOG 252A
1910,SIOG 200A
1911,SIOG 223B
1912,SIOG 231
1913,SIOG 228
1914,SIOG 235
1915,SIOG 237
1916,SOCE 194
1917,SOCG 252
1918,SOCG 202
1919,SOCG 216
1920,SOCG 290
1921,SOCG 205
1922,SOCG 255C
1923,SOCG 299
1924,SOCG 298
1925,SOCG 500
1926,SOCG 209
1927,SOCG 208B
1928,SOCG 255D
1929,SOCI 133E
1930,SOCI 175
1931,SOCI 115
1932,SOCI 188E
1933,SOCI 70
1934,SOCI 138
1935,SOCI 196B
1936,SOCI 125M
1937,SOCI 144P
1938,SOCI 150
1939,SOCI 121R
1940,SOCI 199
1941,SOCI 160
1942,SOCI 149
1943,SOCI 2
1944,SOCI 30
1945,SOCI 106
1946,SOCI 188
1947,SOCI 103M
1948,SOCI 139
1949,SOCI 154
1950,SOCI 117
1951,SOCI 174
1952,SOCI 159
1953,SOCI 104Q
1954,SOCI 1
1955,SOCI 136
1956,SOCI 153
1957,SOCI 148
1958,SOCI 126
1959,SOCI 170
1960,SOCI 100
1961,SOCI 113
1962,SOCI 198RA
1963,SOCI 180
1964,SOCI 50
1965,SOCI 120T
1966,SOCI 158
1967,SOCI 143
1968,SOCI 60
1969,SOMC 239
1970,SOMC 401C
1971,SOMC 225
1972,SOMC 238
1973,SOMC 247B
1974,SOMC 248B
1975,SOMC 410
1976,SOMC 226
1977,SOMC 255B
1978,SOMC 227
1979,SOMC 402C
1980,SOMC 237
1981,SOMC 224B
1982,SOMC 245B
1983,SOMC 236B
1984,SOMI 421
1985,SPPH 263A
1986,SPPS 427MC
1987,SPPS 207
1988,SPPS 421MH
1989,SPPS 218A
1990,SPPS 401B
1991,SPPS 421SH
1992,SPPS 212D
1993,SPPS 202
1994,SPPS 439
1995,SPPS 503
1996,SPPS 446
1997,SPPS 421CP
1998,SPPS 438MC
1999,SPPS 428MC
2000,SPPS 424MC
2001,SPPS 282
2002,SPPS 200A
2003,SPPS 462
2004,SPPS 455
2005,SPPS 270B
2006,SPPS 425MC
2007,SPPS 430MC
2008,SPPS 442MC
2009,SPPS 451PE
2010,SPPS 459
2011,SPPS 403
2012,SPPS 433MC
2013,SPPS 449
2014,SPPS 444
2015,SPPS 443
2016,SPPS 458
2017,SPPS 216
2018,SPPS 248
2019,SPPS 401A
2020,SPPS 421MC
2021,SPPS 208
2022,SPPS 223
2023,SPPS 496
2024,SPPS 435MC
2025,SPPS 212B
2026,SPPS 224
2027,SPPS 251
2028,SPPS 423MC
2029,SPPS 441MC
2030,SPPS 461
2031,SPPS 400B
2032,SPPS 400A
2033,SPPS 287
2034,SPPS 421CH
2035,SPPS 429MC
2036,SPPS 279
2037,SPPS 289
2038,SPPS 460
2039,SPPS 274
2040,SPPS 402
2041,SPPS 437MC
2042,SPPS 456
2043,SPPS 448
2044,SPPS 440MC
2045,SPPS 298
2046,SPPS 264B
2047,SPPS 436MC
2048,SPPS 457
2049,SPPS 464
2050,SPPS 447
2051,SPPS 278
2052,SPPS 431MC
2053,SPPS 422MC
2054,SPPS 234
2055,SPPS 432MC
2056,SPPS 445MC
2057,SPPS 426MC
2058,SPPS 422CH
2059,SPPS 463
2060,SURG 413
2061,SURG 454
2062,SURG 496
2063,SURG 423
2064,SURG 299
2065,SURG 428
2066,SURG 445
2067,SURG 448
2068,SURG 261
2069,SURG 401
2070,SURG 411
2071,SURG 431
2072,SURG 430
2073,SURG 410
2074,SURG 466
2075,SURG 296
2076,SURG 435
2077,SURG 433
2078,SURG 425
2079,SURG 432
2080,SURG 437
2081,SXTH 99H
2082,SYN 1
2083,SYN 100
2084,SYN 1R
2085,SYN 150
2086,SYN 500
2087,SYN 2
2088,SYN 2R
2089,TDAC 101
2090,TDAC 104
2091,TDAC 122
2092,TDAC 1
2093,TDAC 115
2094,TDAC 123
2095,TDAC 102
2096,TDDE 131
2097,TDDE 132
2098,TDDE 121
2099,TDDE 1
2100,TDDE 130
2101,TDDM 100
2102,TDDR 111
2103,TDDR 190
2104,TDDR 101
2105,TDGE 125
2106,TDGE 1
2107,TDGE 199
2108,TDGE 11
2109,TDGE 124
2110,TDGE 87
2111,TDGE 196A
2112,TDGE 25
2113,TDGR 233
2114,TDGR 244
2115,TDGR 278
2116,TDGR 292
2117,TDGR 250
2118,TDGR 293
2119,TDGR 251
2120,TDGR 214B
2121,TDGR 245
2122,TDGR 295
2123,TDGR 282
2124,TDGR 213B
2125,TDGR 286
2126,TDGR 276
2127,TDGR 291
2128,TDGR 500
2129,TDGR 207
2130,TDGR 210B
2131,TDGR 288
2132,TDGR 257A
2133,TDGR 297
2134,TDGR 289B
2135,TDGR 275
2136,TDGR 279
2137,TDGR 239
2138,TDGR 229
2139,TDGR 211B
2140,TDGR 296
2141,TDGR 231A
2142,TDGR 235
2143,TDGR 299
2144,TDGR 201
2145,TDGR 274
2146,TDGR 294
2147,TDGR 219
2148,TDHD 176
2149,TDHD 20
2150,TDHT 10
2151,TDHT 101
2152,TDHT 103
2153,TDHT 22
2154,TDMV 5
2155,TDMV 3
2156,TDMV 11
2157,TDMV 2
2158,TDMV 138
2159,TDMV 143
2160,TDMV 1
2161,TDMV 144
2162,TDMV 142
2163,TDMV 148
2164,TDMV 146
2165,TDMV 130
2166,TDMV 140
2167,TDMV 120
2168,TDMV 110
2169,TDPF 161
2170,TDPF 163
2171,TDPR 6
2172,TDPR 104
2173,TDPR 102
2174,TDPW 104
2175,TDPW 101
2176,TDTR 10
2177,TDTR 20
2178,TMC 120
2179,TMC 20
2180,TMC 15
2181,UROL 443
2182,UROL 296
2183,UROL 412
2184,UROL 299
2185,UROL 496
2186,USP 173
2187,USP 171
2188,USP 6
2189,USP 165D
2190,USP 185B
2191,USP 170
2192,USP 500
2193,USP 101
2194,USP 5
2195,USP 138
2196,USP 150
2197,USP 194
2198,USP 100
2199,USP 124
2200,USP 179
2201,USP 167
2202,USP 175
2203,USP 125
2204,USP 180
2205,USP 164
2206,USP 199
2207,USP 271
2208,USP 152A
2209,USP 128A
2210,USP 189
2211,USP 4
2212,USP 25
2213,USP 141A
2214,USP 143
2215,USP 137
2216,USP 2
2217,USP 131
2218,USP 188
2219,USP 191A
2220,USP 177A
2221,USP 165B
2222,USP 142A
2223,USP 105
2224,USP 187
2225,USP 151
2226,USP 159A
2227,USP 153
2228,VIS 22
2229,VIS 7
2230,VIS 204
2231,VIS 105A
2232,VIS 135
2233,VIS 143
2234,VIS 175
2235,VIS 202
2236,VIS 126I
2237,VIS 105B
2238,VIS 133
2239,VIS 110D
2240,VIS 11
2241,VIS 21A
2242,VIS 106A
2243,VIS 164
2244,VIS 112
2245,VIS 165
2246,VIS 133A
2247,VIS 157D
2248,VIS 203
2249,VIS 295
2250,VIS 149
2251,VIS 106B
2252,VIS 201
2253,VIS 107A
2254,VIS 184
2255,VIS 145A
2256,VIS 124F
2257,VIS 167
2258,VIS 171
2259,VIS 132
2260,VIS 207
2261,VIS 161
2262,VIS 259
2263,VIS 2
2264,VIS 105C
2265,VIS 219
2266,VIS 60
2267,VIS 160A
2268,VIS 244
2269,VIS 110I
2270,VIS 180B
2271,VIS 181
2272,VIS 299
2273,VIS 108
2274,VIS 129D
2275,VIS 128A
2276,VIS 174
2277,VIS 500
2278,VIS 158C
2279,VIS 113CN
2280,VIS 101
2281,VIS 110M
2282,VIS 103B
2283,VIS 84
2284,VIS 100A
2285,VIS 147B
2286,VIS 183A
2287,VIS 141A
2288,VIS 41
2289,VIS 121B
2290,VIS 177
2291,WCWP 100
2292,WCWP 10B
2293,WCWP 10A
2294,WES 269
2295,WES 268B
2296,WES 237A
